{
  "gamunjangagi": {
    "gamunjangagi": 0.0,
    "oneuri": 58.69696007084728,
    "jacheongbi": 55.249371855331,
    "hallakgungi": 27.229157616563597,
    "chogong_three_brothers": 29.722813232690143,
    "yu_jeongseungs_daughter": 36.04101966249684,
    "myeongjinguks_daughter": 83.08910531638176,
    "samseung_halmang": 95.35023923410746,
    "donghae_yonggungs_daughter": 71.33187643906493,
    "jeoseung_halmang": 76.69997998398398,
    "yeosan_buin": 98.85707733967615,
    "nokdisaengi": 71.20832032063167,
    "chilseong_agi": 85.65838362577492,
    "samani": 82.05109889280519,
    "yeongdeung_halmang": 107.13968005098579,
    "wongang_ami": 74.8717782649107,
    "noga_danpung_agissi": 62.74752469181039,
    "gangnim": 53.97679857416329,
    "jijang_agissi": 70.94913061275798,
    "sobyeolwang": 72.03277807866851,
    "daebyeolwang": 63.789083458002736,
    "daebyeolsang_manura": 77.17024376045111
  },
  "oneuri": {
    "gamunjangagi": 58.69696007084728,
    "oneuri": 0.0,
    "jacheongbi": 64.88539126015655,
    "hallakgungi": 67.16502622129181,
    "chogong_three_brothers": 50.07886552931954,
    "yu_jeongseungs_daughter": 44.32207001484488,
    "myeongjinguks_daughter": 63.66079783099616,
    "samseung_halmang": 80.80403432629447,
    "donghae_yonggungs_daughter": 61.4944578254611,
    "jeoseung_halmang": 73.04130371550698,
    "yeosan_buin": 62.25,
    "nokdisaengi": 82.02067347825036,
    "chilseong_agi": 68.40169943749474,
    "samani": 59.484753829797995,
    "yeongdeung_halmang": 70.08203932499369,
    "wongang_ami": 83.25,
    "noga_danpung_agissi": 57.886895265444075,
    "gangnim": 85.2386354243376,
    "jijang_agissi": 65.31390245600107,
    "sobyeolwang": 86.48529270389177,
    "daebyeolwang": 84.48529270389177,
    "daebyeolsang_manura": 96.22402159170326
  },
  "jacheongbi": {
    "gamunjangagi": 55.249371855331,
    "oneuri": 64.88539126015655,
    "jacheongbi": 0.0,
    "hallakgungi": 58.13539126015655,
    "chogong_three_brothers": 39.85533905932738,
    "yu_jeongseungs_daughter": 40.4037034920393,
    "myeongjinguks_daughter": 52.620192023179804,
    "samseung_halmang": 61.17851929090027,
    "donghae_yonggungs_daughter": 54.999172176353746,
    "jeoseung_halmang": 67.44696007084728,
    "yeosan_buin": 70.48670062235365,
    "nokdisaengi": 55.24428900898052,
    "chilseong_agi": 61.67826876426369,
    "samani": 69.75,
    "yeongdeung_halmang": 80.45452979136459,
    "wongang_ami": 80.98724356957945,
    "noga_danpung_agissi": 56.15572873934304,
    "gangnim": 72.63874629234341,
    "jijang_agissi": 60.51162633521314,
    "sobyeolwang": 97.43207028119323,
    "daebyeolwang": 83.81189202104505,
    "daebyeolsang_manura": 62.900729063673246
  },
  "hallakgungi": {
    "gamunjangagi": 27.229157616563597,
    "oneuri": 67.16502622129181,
    "jacheongbi": 58.13539126015655,
    "hallakgungi": 0.0,
    "chogong_three_brothers": 31.404759474226502,
    "yu_jeongseungs_daughter": 42.620039370059054,
    "myeongjinguks_daughter": 84.75,
    "samseung_halmang": 92.74316690230724,
    "donghae_yonggungs_daughter": 73.1217782649107,
    "jeoseung_halmang": 68.61902647381804,
    "yeosan_buin": 96.96211251235322,
    "nokdisaengi": 51.49937810560445,
    "chilseong_agi": 79.25,
    "samani": 72.64982043070833,
    "yeongdeung_halmang": 103.85254037844386,
    "wongang_ami": 53.72983346207417,
    "noga_danpung_agissi": 51.40572873934304,
    "gangnim": 27.25,
    "jijang_agissi": 59.11809247747852,
    "sobyeolwang": 49.82886552931954,
    "daebyeolwang": 41.60533905932738,
    "daebyeolsang_manura": 61.789083458002736
  },
  "chogong_three_brothers": {
    "gamunjangagi": 29.722813232690143,
    "oneuri": 50.07886552931954,
    "jacheongbi": 39.85533905932738,
    "hallakgungi": 31.404759474226502,
    "chogong_three_brothers": 0.0,
    "yu_jeongseungs_daughter": 15.74744871391589,
    "myeongjinguks_daughter": 56.65880433163923,
    "samseung_halmang": 69.0882640840131,
    "donghae_yonggungs_daughter": 45.53719262151,
    "jeoseung_halmang": 50.25,
    "yeosan_buin": 72.66522986797287,
    "nokdisaengi": 51.718253804964775,
    "chilseong_agi": 61.727615711297986,
    "samani": 56.886895265444075,
    "yeongdeung_halmang": 80.19202405202648,
    "wongang_ami": 64.74747468305833,
    "noga_danpung_agissi": 41.08882181415011,
    "gangnim": 48.94097208657794,
    "jijang_agissi": 46.91164991562634,
    "sobyeolwang": 68.12486080160912,
    "daebyeolwang": 59.38539126015655,
    "daebyeolsang_manura": 53.34772228646444
  },
  "yu_jeongseungs_daughter": {
    "gamunjangagi": 36.04101966249684,
    "oneuri": 44.32207001484488,
    "jacheongbi": 40.4037034920393,
    "hallakgungi": 42.620039370059054,
    "chogong_three_brothers": 15.74744871391589,
    "yu_jeongseungs_daughter": 0.0,
    "myeongjinguks_daughter": 54.620192023179804,
    "samseung_halmang": 69.87373594069352,
    "donghae_yonggungs_daughter": 37.97281323269014,
    "jeoseung_halmang": 50.80124837953327,
    "yeosan_buin": 69.87486080160912,
    "nokdisaengi": 56.08326913195984,
    "chilseong_agi": 55.08326913195984,
    "samani": 55.886895265444075,
    "yeongdeung_halmang": 78.54836822995429,
    "wongang_ami": 70.48670062235365,
    "noga_danpung_agissi": 42.53719262151,
    "gangnim": 58.90169943749474,
    "jijang_agissi": 48.22983346207417,
    "sobyeolwang": 75.58203932499369,
    "daebyeolwang": 74.3074069840786,
    "daebyeolsang_manura": 58.900729063673246
  },
  "myeongjinguks_daughter": {
    "gamunjangagi": 83.08910531638176,
    "oneuri": 63.66079783099616,
    "jacheongbi": 52.620192023179804,
    "hallakgungi": 84.75,
    "chogong_three_brothers": 56.65880433163923,
    "yu_jeongseungs_daughter": 54.620192023179804,
    "myeongjinguks_daughter": 0.0,
    "samseung_halmang": 21.328784028338912,
    "donghae_yonggungs_daughter": 30.25,
    "jeoseung_halmang": 44.67582403567252,
    "yeosan_buin": 32.25,
    "nokdisaengi": 68.67826876426369,
    "chilseong_agi": 50.080992435478315,
    "samani": 48.45714214271425,
    "yeongdeung_halmang": 40.666247903554,
    "wongang_ami": 86.30654600401044,
    "noga_danpung_agissi": 56.061288741492746,
    "gangnim": 92.33259586659682,
    "jijang_agissi": 50.85533905932738,
    "sobyeolwang": 98.46427811873333,
    "daebyeolwang": 91.86666000266533,
    "daebyeolsang_manura": 60.67676385936225
  },
  "samseung_halmang": {
    "gamunjangagi": 95.35023923410746,
    "oneuri": 80.80403432629447,
    "jacheongbi": 61.17851929090027,
    "hallakgungi": 92.74316690230724,
    "chogong_three_brothers": 69.0882640840131,
    "yu_jeongseungs_daughter": 69.87373594069352,
    "myeongjinguks_daughter": 21.328784028338912,
    "samseung_halmang": 0.0,
    "donghae_yonggungs_daughter": 49.88826948140329,
    "jeoseung_halmang": 50.14962686336267,
    "yeosan_buin": 36.81098884280702,
    "nokdisaengi": 64.613209157375,
    "chilseong_agi": 50.653208418530085,
    "samani": 52.93415347678132,
    "yeongdeung_halmang": 42.06098884280702,
    "wongang_ami": 86.96267617113283,
    "noga_danpung_agissi": 62.37341546466758,
    "gangnim": 95.34609465267773,
    "jijang_agissi": 53.99913792078372,
    "sobyeolwang": 102.38877626402656,
    "daebyeolwang": 94.97064717919949,
    "daebyeolsang_manura": 55.76310948449533
  },
  "donghae_yonggungs_daughter": {
    "gamunjangagi": 71.33187643906493,
    "oneuri": 61.4944578254611,
    "jacheongbi": 54.999172176353746,
    "hallakgungi": 73.1217782649107,
    "chogong_three_brothers": 45.53719262151,
    "yu_jeongseungs_daughter": 37.97281323269014,
    "myeongjinguks_daughter": 30.25,
    "samseung_halmang": 49.88826948140329,
    "donghae_yonggungs_daughter": 0.0,
    "jeoseung_halmang": 27.995097567963924,
    "yeosan_buin": 52.68626966596886,
    "nokdisaengi": 66.4768050859363,
    "chilseong_agi": 53.52692569068709,
    "samani": 41.870039370059054,
    "yeongdeung_halmang": 53.05127018922193,
    "wongang_ami": 69.39544080129826,
    "noga_danpung_agissi": 42.57886552931954,