{
  "gamunjangagi": {
    "gamunjangagi": 0.0,
    "jacheongbi": 53.99752469181039,
    "hallakgungi": 27.229157616563597,
    "chogong_three_brothers": 29.722813232690143,
    "yu_jeongseungs_daughter": 36.04101966249684,
    "yeosan_buin": 100.85707733967615,
    "nokdisaengi": 71.20832032063167,
    "chilseong_agi": 85.65838362577492,
    "samani": 84.05109889280519,
    "wongang_ami": 80.82438524302,
    "noga_danpung_agissi": 68.90169943749474,
    "gangnim": 53.97679857416329,
    "jijang_agissi": 70.94913061275798,
    "sobyeolwang": 72.03277807866851,
    "daebyeolwang": 63.789083458002736,
    "daebyeolsang_manura": 77.17024376045111,
    "myeongjinguks_daughter": 83.08910531638176,
    "donghae_yonggungs_daughter": 71.33187643906493
  },
  "jacheongbi": {
    "gamunjangagi": 53.99752469181039,
    "jacheongbi": 0.0,
    "hallakgungi": 66.12171043518958,
    "chogong_three_brothers": 38.04101966249684,
    "yu_jeongseungs_daughter": 31.98076211353316,
    "yeosan_buin": 66.53908345800274,
    "nokdisaengi": 70.84902544988267,
    "chilseong_agi": 62.0087712549569,
    "samani": 67.2587712549569,
    "wongang_ami": 79.59902544988267,
    "noga_danpung_agissi": 61.136895265444075,
    "gangnim": 84.16648189186454,
    "jijang_agissi": 62.74428900898052,
    "sobyeolwang": 100.10707733967615,
    "daebyeolwang": 90.7936105461599,
    "daebyeolsang_manura": 68.7587712549569,
    "myeongjinguks_daughter": 42.27827300200522,
    "donghae_yonggungs_daughter": 39.707513110645905
  },
  "hallakgungi": {
    "gamunjangagi": 27.229157616563597,
    "jacheongbi": 66.12171043518958,
    "hallakgungi": 0.0,
    "chogong_three_brothers": 31.404759474226502,
    "yu_jeongseungs_daughter": 42.620039370059054,
    "yeosan_buin": 98.96211251235322,
    "nokdisaengi": 51.49937810560445,
    "chilseong_agi": 79.25,
    "samani": 77.14982043070833,
    "wongang_ami": 65.24428900898053,
    "noga_danpung_agissi": 59.5757569495584,
    "gangnim": 27.25,
    "jijang_agissi": 59.11809247747852,
    "sobyeolwang": 49.82886552931954,
    "daebyeolwang": 41.60533905932738,
    "daebyeolsang_manura": 61.789083458002736,
    "myeongjinguks_daughter": 84.75,
    "donghae_yonggungs_daughter": 73.1217782649107
  },
  "chogong_three_brothers": {
    "gamunjangagi": 29.722813232690143,
    "jacheongbi": 38.04101966249684,
    "hallakgungi": 31.404759474226502,
    "chogong_three_brothers": 0.0,
    "yu_jeongseungs_daughter": 15.74744871391589,
    "yeosan_buin": 74.66522986797287,
    "nokdisaengi": 51.718253804964775,
    "chilseong_agi": 61.727615711297986,
    "samani": 58.886895265444075,
    "wongang_ami": 59.55127018922193,
    "noga_danpung_agissi": 43.1547594742265,
    "gangnim": 48.94097208657794,
    "jijang_agissi": 46.91164991562634,
    "sobyeolwang": 68.12486080160912,
    "daebyeolwang": 59.38539126015655,
    "daebyeolsang_manura": 53.34772228646444,
    "myeongjinguks_daughter": 56.65880433163923,
    "donghae_yonggungs_daughter": 45.53719262151
  },
  "yu_jeongseungs_daughter": {
    "gamunjangagi": 36.04101966249684,
    "jacheongbi": 31.98076211353316,
    "hallakgungi": 42.620039370059054,
    "chogong_three_brothers": 15.74744871391589,
    "yu_jeongseungs_daughter": 0.0,
    "yeosan_buin": 71.87486080160912,
    "nokdisaengi": 56.08326913195984,
    "chilseong_agi": 55.08326913195984,
    "samani": 60.386895265444075,
    "wongang_ami": 61.48397172404482,
    "noga_danpung_agissi": 42.9037034920393,
    "gangnim": 58.90169943749474,
    "jijang_agissi": 48.22983346207417,
    "sobyeolwang": 75.58203932499369,
    "daebyeolwang": 74.3074069840786,
    "daebyeolsang_manura": 58.900729063673246,
    "myeongjinguks_daughter": 54.620192023179804,
    "donghae_yonggungs_daughter": 37.97281323269014
  },
  "yeosan_buin": {
    "gamunjangagi": 100.85707733967615,
    "jacheongbi": 66.53908345800274,
    "hallakgungi": 98.96211251235322,
    "chogong_three_brothers": 74.66522986797287,
    "yu_jeongseungs_daughter": 71.87486080160912,
    "yeosan_buin": 0.0,
    "nokdisaengi": 72.75,
    "chilseong_agi": 32.777756377319946,
    "samani": 33.0,
    "wongang_ami": 60.59772228646444,
    "noga_danpung_agissi": 50.97983346207417,
    "gangnim": 103.15971508067067,
    "jijang_agissi": 53.08300132670378,
    "sobyeolwang": 101.9717922246318,
    "daebyeolwang": 102.17388155425118,
    "daebyeolsang_manura": 79.16281297335398,
    "myeongjinguks_daughter": 34.25,
    "donghae_yonggungs_daughter": 50.68626966596886
  },
  "nokdisaengi": {
    "gamunjangagi": 71.20832032063167,
    "jacheongbi": 70.84902544988267,
    "hallakgungi": 51.49937810560445,
    "chogong_three_brothers": 51.718253804964775,
    "yu_jeongseungs_daughter": 56.08326913195984,
    "yeosan_buin": 72.75,
    "nokdisaengi": 0.0,
    "chilseong_agi": 46.01162633521314,
    "samani": 52.492346141747674,
    "wongang_ami": 35.96320343559643,
    "noga_danpung_agissi": 45.28719262151,
    "gangnim": 45.15880433163923,
    "jijang_agissi": 33.29449471770337,
    "sobyeolwang": 61.734753829797995,
    "daebyeolwang": 63.40169943749474,
    "daebyeolsang_manura": 41.166573867739416,
    "myeongjinguks_daughter": 68.67826876426369,
    "donghae_yonggungs_daughter": 66.4768050859363
  },
  "chilseong_agi": {
    "gamunjangagi": 85.65838362577492,
    "jacheongbi": 62.0087712549569,
    "hallakgungi": 79.25,
    "chogong_three_brothers": 61.727615711297986,
    "yu_jeongseungs_daughter": 55.08326913195984,
    "yeosan_buin": 32.777756377319946,
    "nokdisaengi": 46.01162633521314,
    "chilseong_agi": 0.0,
    "samani": 33.96320343559643,
    "wongang_ami": 49.82886552931954,
    "noga_danpung_agissi": 45.20714214271425,
    "gangnim": 80.81145747868608,
    "jijang_agissi": 44.20714214271425,
    "sobyeolwang": 90.11355820929153,
    "daebyeolwang": 96.66843969807043,
    "daebyeolsang_manura": 63.7587712549569,
    "myeongjinguks_daughter": 50.080992435478315,
    "donghae_yonggungs_daughter": 53.52692569068709
  },
  "samani": {
    "gamunjangagi": 84.05109889280519,
    "jacheongbi": 67.2587712549569,
    "hallakgungi": 77.14982043070833,
    "chogong_three_brothers": 58.886895265444075,
    "yu_jeongseungs_daughter": 60.386895265444075,
    "yeosan_buin": 33.0,
    "nokdisaengi": 52.492346141747674,
    "chilseong_agi": 33.96320343559643,
    "samani": 0.0,
    "wongang_ami": 30.860679774997898,
    "noga_danpung_agissi": 27.614916731037084,
    "gangnim": 77.98724356957945,
    "jijang_agissi": 32.1628784747792,
    "sobyeolwang": 75.6334841531101,
    "daebyeolwang": 84.12397165588672,
    "daebyeolsang_manura": 64.77692569068708,
    "myeongjinguks_daughter": 47.95714214271425,
    "donghae_yonggungs_daughter": 46.370039370059054
  },
  "wongang_ami": {
    "gamunjangagi": 80.82438524302,
    "jacheongbi": 79.59902544988267,
    "hallakgungi": 65.24428900898053,
    "chogong_three_brothers": 59.55127018922193,
    "yu_jeongseungs_daughter": 61.48397172404482,
    "yeosan_buin": 60.59772228646444,
    "nokdisaengi": 35.96320343559643,
    "chilseong_agi": 49.82886552931954,
    "samani": 30.860679774997898,
    "wongang_ami": 0.0,
    "noga_danpung_agissi": 21.614916731037084,
    "gangnim": 57.58300132670378,
    "jijang_agissi": 18.25,
    "sobyeolwang": 49.802167895721496,
    "daebyeolwang": 71.99937185533099,
    "daebyeolsang_manura": 47.742346141747674,
    "myeongjinguks_daughter": 66.44696007084728,
    "donghae_yonggungs_daughter": 51.97679857416329
  },
  "noga_danpung_agissi": {
    "gamunjangagi": 68.90169943749474,
    "jacheongbi": 61.136895265444075,
    "hallakgungi": 59.5757569495584,
    "chogong_three_brothers": 43.1547594742265,
    "yu_jeongseungs_daughter": 42.9037034920393,
    "yeosan_buin": 50.97983346207417,
    "nokdisaengi": 45.28719262151,
    "chilseong_agi": 45.20714214271425,
    "samani": 27.614916731037084,
    "wongang_ami": 21.614916731037084,
    "noga_danpung_agissi": 0.0,
    "gangnim": 60.136895265444075,
    "jijang_agissi": 13.24744871391589,